Fund Name,P1,P2,P3,P4,P5,Topsis Score,Rank
M1,0.71,0.5,6.4,63.9,17.88,0.6177395076091362,2
M2,0.82,0.67,4.1,43.6,12.3,0.3907536524272642,6
M3,0.67,0.45,3.0,67.8,17.98,0.7241764843806932,1
M4,0.64,0.41,6.7,68.2,18.99,0.6138806681342269,3
M5,0.69,0.48,5.4,45.5,13.02,0.2964286789925407,7
M6,0.88,0.77,3.5,52.3,14.36,0.5955910284427318,4
M7,0.73,0.53,3.8,54.1,14.79,0.5450487839598889,5
M8,0.78,0.61,6.0,35.1,10.62,0.19421118432118312,8
